01:44:39,11,dotnet#14644 dotnet#36948 dotnet#42672 dotnet#36712 dotnet#15296 dotnet#24160 dotnet#19820
01:44:49,7,dotnet#14644 dotnet#36948 dotnet#42672 dotnet#36712 dotnet#15296 dotnet#24160 dotnet#19820
01:44:59,8,dotnet#14644 dotnet#36948 dotnet#42672 dotnet#36712 dotnet#15296 dotnet#24160 dotnet#19820
01:45:09,27,dotnet#14644 dotnet#36948 dotnet#42672 dotnet#36712 dotnet#15296 dotnet#24160 dotnet#19820
01:45:19,25,
01:45:30,19,
01:45:40,14,
01:45:50,19,
01:46:00,20,
01:46:10,19,
01:46:21,19,
01:46:31,18,
01:46:41,14,
01:46:51,20,
01:47:01,8,
01:47:12,23,
01:47:22,16,
01:47:32,27,
01:47:42,21,
01:47:52,28,
01:48:03,27,
01:48:13,34,
01:48:23,31,
01:48:33,29,
01:48:43,15,
01:48:54,31,
01:49:04,20,
01:49:14,28,
01:49:24,15,
01:49:34,29,
01:49:45,13,
01:49:55,23,
01:50:05,13,
01:50:15,17,
01:50:25,18,
01:50:35,20,
01:50:46,10,
01:50:56,14,
01:51:06,9,
01:51:16,21,
01:51:26,13,
01:51:37,18,
01:51:47,16,
01:51:57,17,
01:52:07,21,
01:52:17,12,
01:52:27,27,
01:52:38,21,
01:52:48,12,
01:52:58,15,
01:53:08,12,
01:53:18,11,
01:53:28,19,
01:53:39,18,
01:53:49,14,
01:53:59,11,
01:54:09,12,
01:54:19,12,
01:54:29,16,
01:54:40,11,
01:54:50,9,
01:55:00,9,
01:55:10,9,
01:55:20,12,
01:55:30,14,
01:55:41,21,
01:55:51,11,
01:56:01,14,
01:56:11,18,
01:56:21,11,
01:56:31,18,
01:56:42,11,
01:56:52,24,
01:57:02,14,
01:57:12,25,
01:57:22,20,
01:57:32,30,
01:57:43,20,
01:57:53,49,
01:58:03,30,
01:58:13,33,
01:58:23,12,
01:58:34,39,
01:58:44,14,
01:58:54,98,MSBuild#11672
01:59:04,30,MSBuild#11672 MSBuild#12388 dotnet#27908
01:59:14,43,MSBuild#11672 MSBuild#12388
01:59:25,26,MSBuild#11672 MSBuild#12388
01:59:35,35,MSBuild#11672 MSBuild#12388
01:59:45,20,MSBuild#11672 MSBuild#12388
01:59:55,26,MSBuild#11672 MSBuild#12388
02:00:05,20,MSBuild#11672 MSBuild#12388
02:00:16,17,MSBuild#11672 MSBuild#12388
02:00:26,13,MSBuild#11672 MSBuild#12388
02:00:36,16,MSBuild#11672 MSBuild#12388
02:00:46,17,MSBuild#11672 MSBuild#12388
02:00:56,15,MSBuild#11672 MSBuild#12388
02:01:07,15,MSBuild#11672 MSBuild#12388
02:01:17,16,MSBuild#11672 MSBuild#12388
02:01:27,20,MSBuild#11672 MSBuild#12388
02:01:37,24,MSBuild#11672 MSBuild#12388
02:01:47,14,MSBuild#11672 MSBuild#12388
02:01:57,14,MSBuild#11672 MSBuild#12388
02:02:08,21,MSBuild#11672 MSBuild#12388
02:02:18,13,MSBuild#11672 MSBuild#12388
02:02:28,14,MSBuild#11672 MSBuild#12388
02:02:38,23,MSBuild#11672 MSBuild#12388
02:02:48,18,MSBuild#11672 MSBuild#12388
02:02:59,14,MSBuild#11672 MSBuild#12388
02:03:09,13,MSBuild#11672 MSBuild#12388
02:03:19,18,MSBuild#11672 MSBuild#12388
02:03:29,20,MSBuild#11672 MSBuild#12388
02:03:39,17,MSBuild#11672 MSBuild#12388
02:03:49,13,MSBuild#11672 MSBuild#12388
02:04:00,16,MSBuild#11672 MSBuild#12388
02:04:10,19,MSBuild#11672 MSBuild#12388
02:04:20,18,MSBuild#11672 MSBuild#12388
02:04:30,73,MSBuild#36352
02:04:41,43,MSBuild#36352
02:04:51,31,MSBuild#36352
02:05:01,22,MSBuild#36352
02:05:11,11,MSBuild#36352
02:05:21,19,MSBuild#36352
02:05:32,24,MSBuild#36352
02:05:42,14,MSBuild#36352
02:05:52,24,MSBuild#36352
02:06:02,27,MSBuild#36352
02:06:12,24,MSBuild#36352
02:06:23,13,MSBuild#36352
02:06:33,30,MSBuild#36352
02:06:43,19,MSBuild#36352
02:06:53,34,MSBuild#36352
02:07:03,18,MSBuild#36352
02:07:14,30,MSBuild#36352
02:07:24,17,MSBuild#36352
02:07:34,30,MSBuild#36352
02:07:44,15,MSBuild#36352
02:07:54,31,MSBuild#36352
02:08:05,20,MSBuild#36352
02:08:15,34,MSBuild#36352
02:08:25,21,MSBuild#36352
02:08:35,21,MSBuild#36352
02:08:45,10,MSBuild#36352
