time,cpuPercent,otherProcesses
02:09:13,19,
02:09:23,10,
02:09:33,26,
02:09:43,17,
02:09:54,31,
02:10:04,16,
02:10:14,31,
02:10:24,22,
02:10:34,32,
02:10:45,13,
02:10:55,29,
02:11:05,19,
02:11:15,37,
02:11:25,31,
02:11:35,25,
02:11:46,10,
02:11:56,14,
02:12:06,13,
02:12:16,33,
02:12:26,10,
02:12:37,13,
02:12:47,13,
02:12:57,10,
02:13:07,13,
02:13:17,13,
02:13:27,17,
02:13:38,12,
02:13:48,11,
02:13:58,12,
02:14:08,12,
02:14:18,12,
02:14:29,25,
02:14:39,13,
02:14:49,21,
02:14:59,11,
02:15:09,40,
02:15:20,27,
